firmname,own,own2
군장에너지,1.0,1.0
디씨알이,1.0,1.0
비앤오바이오,1.0,1.0
삼광글라스,0.9882989062746553,1.0
에스엠지에너지,1.0,1.0
에스지개발,1.0,1.0
오씨아이,0.9771976795530583,1.0
오씨아이드림,1.0,1.0
오씨아이스페셜티,0.9998382815715514,1.0
오씨아이에스이,1.0,1.0
오씨아이정보통신,1.0,1.0
오씨아이파워,1.0,1.0
오씨아이페로,1.0,1.0
유니드,0.9821144197934655,1.0
유니드글로벌상사,1.0,1.0
유니드엘이디,0.9958225742863781,0.9999999999999999
이테크건설,0.9348489285714285,1.0
행복도시태양광발전소,1.0,1.0
