firmname,own,own2
동북화학,1.0,1.0
에쓰-오일,0.9979284028805042,0.9999999999999999
에쓰-오일토탈윤활유,1.0,1.0
