firmname,own,own2
셀트리온,0.9878690541433831,1.0
셀트리온스킨큐어,0.9142673485453444,1.0
셀트리온엔터테인먼트,1.0,1.0
셀트리온제약,0.9984218740650457,1.0
셀트리온충북대바이오메딕스,1.0,1.0
셀트리온충북대코스메틱스,1.0,1.0
셀트리온헬스케어,0.9824543370245159,1.0
셀트리온홀딩스,0.9840477386192431,1.0
티에스이엔씨,1.0,1.0
티에스이엔엠,1.0,1.0
