firmname,own,own2
한국지엠주식회사,0.9999999999999999,0.9999999999999999
