,firmname,own,own2,type,ownername
0,에이치엠엠,0.0,0.0009445807320178448,0,
6,에이치엠엠,0.9990554192679821,0.9990554192679821,99,
9,에이치엠엠오션서비스,1.0,1.0,0,
12,현대상선퍼시픽,1.0,1.0,0,
15,에이치티알헤시라스,1.0,1.0,0,
