,firmname,own,own2,type,ownername
0,KG케미칼,0.22866171908715682,0.272412418375389,0,
16,KG케미칼,0.20874860296043288,0.20874860296043288,1,KG제로인
17,KG케미칼,0.00046160707808790317,0.00046160707808790317,1,스마트인슈
18,KG케미칼,,,-1,
20,KG케미칼,0.5183773715860902,0.5183773715860902,99,
