,firmname,own,own2,type,ownername
0,LS,0.2729420186335404,0.43120534161490687,0,
34,LS,,,1,-
36,LS,0.5687946583850931,0.5687946583850931,99,
