,firmname,own,own2,type,ownername
0,LS,0.25117860248447205,0.40630562111801244,0,
35,LS,,,1,-
37,LS,0.5936943788819876,0.5936943788819876,99,
