,firmname,own,own2,type,ownername
0,미래에셋캐피탈,0.3475986239159092,0.35870176869614306,0,
12,미래에셋캐피탈,0.295274482989634,0.295274482989634,1,미래에셋자산운용
13,미래에셋캐피탈,0.09979059692677494,0.09979059692677494,1,미래에셋컨설팅
14,미래에셋캐피탈,0.09486594965487213,0.09486594965487213,1,미래에셋펀드서비스
17,미래에셋캐피탈,0.15136720173257587,0.15136720173257587,99,
